Model,Split,Accuracy,F1 (macro),MCC,Total Samples,Misclassified
logreg_l2,val,0.8816,0.8811511288322649,0.822139090129129,20000,2368
logreg_l2,test,0.88005,0.8795488029015534,0.8197973410305727,20000,2399
rf,val,0.9997,0.9997034889490132,0.9995489400310985,20000,6
rf,test,0.9996,0.999602103643864,0.9993985996114042,20000,8
