model,val_mae,val_rmse,val_r2,test_mae,test_rmse,test_r2,best_params
ridge,311.8945637291518,561.3527982286138,0.9647677258270682,320.7206921105986,574.9482357115812,0.966406454425469,"{""model__alpha"": 0.01}"
linear,311.9439500257664,561.387769658706,0.9647633358555678,320.7283872416398,574.9608675054639,0.966404978287693,{}
