{
  "original": {
    "gbr": {
      "train_sizes": [
        666,
        1333,
        2666,
        3999,
        5333,
        6666,
        7999,
        9333,
        10666,
        11999,
        13333
      ],
      "train_mean": [
        1.0,
        1.0,
        1.0,
        1.0,
        1.0,
        0.9998999899989999,
        1.0,
        1.0,
        0.999968748046753,
        1.0,
        1.0
      ],
      "train_std": [
        0.0,
        0.0,
        0.0,
        0.0,
        0.0,
        0.00014143549978727567,
        0.0,
        0.0,
        4.419693613267577e-05,
        0.0,
        0.0
      ],
      "val_mean": [
        0.9627500848179914,
        0.9865500124333716,
        0.997899947486874,
        0.999450012497875,
        0.9994000149977499,
        0.9992999674948746,
        0.9998000099995,
        0.999700007498875,
        0.99970001499925,
        0.9998000099995,
        0.9998000099995
      ],
      "val_std": [
        0.003981504356212792,
        0.0008152327129548878,
        0.0008032846970141865,
        0.0004636496544400592,
        0.00032400694627960074,
        0.000495038645917119,
        0.0002828285710460627,
        0.00012245917778994905,
        0.00024493672744194226,
        0.00018707351566292613,
        0.00018707351566292613
      ]
    },
    "rf": {
      "train_sizes": [
        666,
        1333,
        2666,
        3999,
        5333,
        6666,
        7999,
        9333,
        10666,
        11999,
        13333
      ],
      "train_mean": [
        1.0,
        1.0,
        1.0,
        1.0,
        1.0,
        1.0,
        1.0,
        1.0,
        1.0,
        1.0,
        1.0
      ],
      "train_std": [
        0.0,
        0.0,
        0.0,
        0.0,
        0.0,
        0.0,
        0.0,
        0.0,
        0.0,
        0.0,
        0.0
      ],
      "val_mean": [
        0.8899998744437215,
        0.9320497971501064,
        0.9619501773186169,
        0.981450214917997,
        0.9860500449324968,
        0.9920500149609982,
        0.9943000074718736,
        0.9955999649762486,
        0.9968000099844992,
        0.9970499374821237,
        0.9980499849894994
      ],
      "val_std": [
        0.003539341518070006,
        0.005943118431219936,
        0.006787352230241726,
        0.006509196250935852,
        0.0018285217736397884,
        0.0011223389871555887,
        0.0012902520747954168,
        0.0008861594867475949,
        0.0006284111297282393,
        0.0009030191550154355,
        0.0002450745310421128
      ]
    },
    "logreg_l1": {
      "train_sizes": [
        666,
        1333,
        2666,
        3999,
        5333,
        6666,
        7999,
        9333,
        10666,
        11999,
        13333
      ],
      "train_mean": [
        0.9644644644644645,
        0.9127281820455114,
        0.9006001500375094,
        0.8962240560140035,
        0.8913682105131571,
        0.8919391939193919,
        0.8908613576697088,
        0.8891388978177792,
        0.8894305894118383,
        0.8900463927549517,
        0.8883722093052326
      ],
      "train_std": [
        0.005662516766258616,
        0.004950985214609446,
        0.009017865926610115,
        0.006011910617740094,
        0.006275964930838807,
        0.00215776067710687,
        0.0031445013093159037,
        0.003676795174579389,
        0.003548989203469793,
        0.0011909854215754903,
        0.0018918057363826579
      ],
      "val_mean": [
        0.8264997791214549,
        0.8520496342419603,
        0.8691498143364659,
        0.8747497518613417,
        0.8779999043852188,
        0.8792999068918442,
        0.8814998493999693,
        0.8825999144087201,
        0.8831999294124703,
        0.8837499019138452,
        0.8847998344157199
      ],
      "val_std": [
        0.0045487770788494595,
        0.00949338989512287,
        0.005450404411635395,
        0.00431482078519073,
        0.0014012222444896305,
        0.0015386722743259682,
        0.002344350199917447,
        0.0019039321044436207,
        0.001879166408190536,
        0.0024510243589659308,
        0.0038545678525235758
      ]
    },
    "logreg_l2": {
      "train_sizes": [
        666,
        1333,
        2666,
        3999,
        5333,
        6666,
        7999,
        9333,
        10666,
        11999,
        13333
      ],
      "train_mean": [
        0.9584584584584585,
        0.9104776194048512,
        0.9002250562640661,
        0.8958906393264984,
        0.8910556909806863,
        0.8914891489148915,
        0.8903612951618952,
        0.8891031822565091,
        0.8891180698793675,
        0.8898797121982387,
        0.8883222080552015
      ],
      "train_std": [
        0.007785960553605636,
        0.006011910617740094,
        0.008487403225044817,
        0.006247671818435748,
        0.005833995569512102,
        0.002478150153688131,
        0.0030486046019372126,
        0.0037892173891567135,
        0.0032991169999116356,
        0.001266357898718383,
        0.0019710896116830103
      ],
      "val_mean": [
        0.8221997540987038,
        0.8519996142407101,
        0.8685997968328406,
        0.8739497918593419,
        0.8769499268810937,
        0.8786998693869686,
        0.8807998543967192,
        0.88219991940697,
        0.8830998894099699,
        0.88339987441072,
        0.8845498394147199
      ],
      "val_std": [
        0.006007586011355413,
        0.009053829291486638,
        0.005008736934682115,
        0.003790473107204183,
        0.001050248312197585,
        0.0019879383273548796,
        0.002460666900439432,
        0.0016729905289395496,
        0.002146116251671313,
        0.002644645436273227,
        0.0036182499905815465
      ]
    }
  },
  "high_risk": {
    "gbr": {
      "train_sizes": [
        666,
        1333,
        2666,
        3999,
        5333,
        6666,
        7999,
        9333,
        10666,
        11999,
        13333
      ],
      "train_mean": [
        1.0,
        1.0,
        1.0,
        1.0,
        1.0,
        1.0,
        1.0,
        1.0,
        1.0,
        1.0,
        1.0
      ],
      "train_std": [
        0.0,
        0.0,
        0.0,
        0.0,
        0.0,
        0.0,
        0.0,
        0.0,
        0.0,
        0.0,
        0.0
      ],
      "val_mean": [
        1.0,
        1.0,
        1.0,
        1.0,
        1.0,
        1.0,
        1.0,
        1.0,
        1.0,
        1.0,
        1.0
      ],
      "val_std": [
        0.0,
        0.0,
        0.0,
        0.0,
        0.0,
        0.0,
        0.0,
        0.0,
        0.0,
        0.0,
        0.0
      ]
    },
    "rf": {
      "train_sizes": [
        666,
        1333,
        2666,
        3999,
        5333,
        6666,
        7999,
        9333,
        10666,
        11999,
        13333
      ],
      "train_mean": [
        1.0,
        1.0,
        1.0,
        1.0,
        1.0,
        1.0,
        1.0,
        1.0,
        1.0,
        1.0,
        1.0
      ],
      "train_std": [
        0.0,
        0.0,
        0.0,
        0.0,
        0.0,
        0.0,
        0.0,
        0.0,
        0.0,
        0.0,
        0.0
      ],
      "val_mean": [
        0.9994500049975,
        1.0,
        1.0,
        1.0,
        1.0,
        1.0,
        1.0,
        1.0,
        1.0,
        1.0,
        1.0
      ],
      "val_std": [
        0.000494945454418909,
        0.0,
        0.0,
        0.0,
        0.0,
        0.0,
        0.0,
        0.0,
        0.0,
        0.0,
        0.0
      ]
    },
    "logreg_l1": {
      "train_sizes": [
        666,
        1333,
        2666,
        3999,
        5333,
        6666,
        7999,
        9333,
        10666,
        11999,
        13333
      ],